,first_name,last_name,email,email_verified,signup_date,referral_count,balance
aaron,Aaron,Davis,aaron6348@gmail.com,TRUE,8/31/18,6,18.14
acook,Anthony,Cook,cook@gmail.com,TRUE,5/12/18,2,55.45
adam.saunders,Adam,Saunders,adam@gmail.com,FALSE,5/29/18,3,72.12
adrian,Adrian,Fang,adrian.fang@teamtreehouse.com,TRUE,4/28/18,3,30.01
adrian.blair,Adrian,Blair,adrian9335@gmail.com,TRUE,6/16/18,7,25.85
alan9443,Alan,Pope,pope@hotmail.com,TRUE,4/17/18,0,56.09
alexander7808,Alexander,Moore,alexander.moore@gmail.com,FALSE,3/27/18,2,87.71
alvarado,Denise,Alvarado,alvarado@hotmail.com,TRUE,9/7/18,6,26.72
alvarez,John,Alvarez,john4346@hotmail.com,TRUE,9/18/18,6,49.62
amanda,Amanda,Lynch,alynch@gmail.com,TRUE,9/18/18,2,43.76
amiller,Anne,Miller,miller@hotmail.com,FALSE,6/2/18,5,86.28
andersen,Mark,Andersen,mark.andersen@yahoo.com,TRUE,8/21/18,3,75.69
andrade,Melissa,Andrade,mandrade@yahoo.com,TRUE,1/6/18,3,83.22
andrew.alvarez,Andrew,Alvarez,aalvarez@hotmail.com,FALSE,8/1/18,0,81.66
andrew.wells,Andrew,Wells,andrew9976@yahoo.com,TRUE,6/13/18,5,76.07
andrew6216,Andrew,Bryan,andrew@gmail.com,TRUE,4/1/18,1,71.42
andrew6347,Andrew,Horton,andrew.horton@hotmail.com,TRUE,2/1/18,2,85.73
angela7209,Angela,Collins,collins5797@yahoo.com,TRUE,5/5/18,7,29.52
anthony1788,Anthony,Valdez,anthony@gmail.com,TRUE,6/30/18,5,70.7
anthony3761,Anthony,,anthony9581@gmail.com,TRUE,8/16/18,6,59.81
anthony576,Anthony,Lane,anthony@yahoo.com,TRUE,3/22/18,7,42.6
Apr-82,April,Santana,april.santana@hotmail.com,TRUE,8/14/18,2,53.87
ariley,Alexis,Riley,ariley@gmail.com,TRUE,5/10/18,2,89.22
arosario,Amanda,Rosario,amanda@yahoo.com,TRUE,1/29/18,1,76.19
atapia,Amy,Tapia,amy@hotmail.com,TRUE,2/6/18,5,67.96
austin,Austin,Ashley,austin5493@gmail.com,TRUE,3/12/18,7,70.38
austin486,Austin,Ward,ward@hotmail.com,TRUE,1/4/18,7,0.48
awhitney,Amanda,Whitney,whitney6923@yahoo.com,TRUE,4/6/18,2,30.85
awilliams,Amanda,Williams,williams4190@yahoo.com,TRUE,9/15/18,7,24.8
barnes,Mikayla,Barnes,mikayla.barnes@hotmail.com,TRUE,6/15/18,1,1.71
bernard,Dean,Bernard,dean.bernard@gmail.com,TRUE,2/3/18,6,45.67
bgreen,Brenda,Green,brenda.green@gmail.com,TRUE,2/17/18,7,47.89
bishop,Mason,Bishop,bishop@gmail.com,TRUE,2/14/18,5,4.59
blair4952,Nicole,Blair,nicole.blair@yahoo.com,TRUE,4/22/18,2,32.62
blankenship,April,Blankenship,blankenship11@gmail.com,TRUE,1/12/18,3,48.31
bowers9648,John,Bowers,bowers5600@hotmail.com,TRUE,6/19/18,4,36.92
bowman,Mary,Bowman,mary.bowman@sanchez.net,TRUE,4/13/18,3,54.21
boyer7005,Sara,Boyer,boyer8636@gmail.com,TRUE,7/31/18,0,91.41
bpowers,Bryce,Powers,bryce@yahoo.com,TRUE,2/28/18,2,17.99
bradley,Bradley,,bradley3941@henderson.com,TRUE,6/24/18,4,22.24
bradley3953,Bradley,Mills,mills6497@hotmail.com,TRUE,5/16/18,3,43.89
bradley7808,Bradley,,bradley8794@yahoo.com,TRUE,6/15/18,1,76.49
brandon,Brandon,King,bking@gmail.com,TRUE,2/15/18,5,56.25
brandon.gilbert,Brandon,Gilbert,brandon.gilbert@hotmail.com,TRUE,4/28/18,0,10.17
brenda,Brenda,,brenda@hotmail.com,TRUE,7/28/18,7,6.18
brett643,Brett,Sanchez,sanchez4831@hotmail.com,TRUE,1/3/18,6,30.8
brian.barnes,Brian,Barnes,brian.barnes@hotmail.com,TRUE,6/15/18,7,92.28
brian7426,Brian,Santiago,brian843@hotmail.com,TRUE,3/18/18,1,85.41
brooke2027,Brooke,,brooke6938@gmail.com,FALSE,5/23/18,0,7.22
brown,Kyle,Brown,brown9052@hotmail.com,TRUE,2/27/18,2,43.87
brown6798,Julia,Brown,julia.brown@bishop.com,TRUE,9/10/18,4,16.4
bryant,Darlene,Bryant,dbryant@yahoo.com,TRUE,7/19/18,0,36.91
bsmith,Benjamin,Smith,benjamin5212@hotmail.com,TRUE,8/5/18,3,15.77
burton6737,Darrell,Burton,burton@yahoo.com,TRUE,3/9/18,6,12.29
butler,Amy,Butler,amy4529@hotmail.com,TRUE,5/4/18,4,83.31
caleb,Caleb,Ellison,ellison@gmail.com,TRUE,4/17/18,1,36.84
calvin.perez,Calvin,Perez,cperez@gmail.com,TRUE,2/17/18,0,13.01
campbell1062,Amber,Campbell,amber.campbell@gmail.com,TRUE,1/10/18,3,35.66
campbell4312,Charlotte,Campbell,campbell@hotmail.com,TRUE,3/2/18,0,11.83
carl.fox,Carl,Fox,fox@hotmail.com,TRUE,4/29/18,6,19.13
cassandra,Cassandra,,cassandra9220@gmail.com,TRUE,5/3/18,5,78.9
chad.chen,Chad,Chen,chad.chen@hotmail.com,TRUE,2/9/18,7,7.5
charles,Charles,Tran,tran6961@yahoo.com,TRUE,2/20/18,6,40.79
charles559,Charles,Smith,smith@hotmail.com,TRUE,4/16/18,6,77.05
chorne,Christopher,Horne,horne@gmail.com,TRUE,3/28/18,4,28.49
christina.banks,Christina,Banks,cbanks@yahoo.com,TRUE,3/3/18,2,88.91
christine.brown,Christine,Brown,brown@hotmail.com,TRUE,5/5/18,4,67.24
christine2983,Christine,,christine3128@gmail.com,FALSE,5/23/18,5,94.02
christopher,Christopher,,christopher@gmail.com,TRUE,7/24/18,3,96.96
christopher5982,Christopher,Martin,martin@yahoo.com,FALSE,8/22/18,3,4.32
christopher6861,Christopher,Mitchell,mitchell@hotmail.com,FALSE,6/20/18,4,55.46
cjimenez,Charles,Jimenez,charles8775@gmail.com,TRUE,2/17/18,0,55.84
cjones,Carla,Jones,carla2889@gmail.com,TRUE,6/23/18,1,33.32
clark8139,Tara,Clark,clark@gmail.com,TRUE,1/26/18,6,93.23
clayton6074,Robert,Clayton,robert@gmail.com,TRUE,1/12/18,7,97.05
coleman,Amber,Coleman,amber1175@yahoo.com,TRUE,5/17/18,5,15.79
collin,Collin,,collin@gmail.com,FALSE,8/18/18,7,89.95
collins,Tyler,Collins,tyler.collins@hotmail.com,TRUE,8/16/18,6,94.69
colton,Colton,Burke,colton9297@yahoo.com,TRUE,2/12/18,6,57.98
conley,Courtney,Conley,conley140@gmail.com,TRUE,6/23/18,2,26.28
corey,Corey,Fuller,fuller8100@yahoo.com,TRUE,4/19/18,3,31.56
corey.ingram,Corey,Ingram,corey.ingram@gmail.com,TRUE,9/11/18,1,69.54
courtney9644,Courtney,Macias,courtney.macias@hotmail.com,TRUE,7/14/18,6,25.18
cox192,Eric,Cox,eric@hotmail.com,TRUE,6/24/18,3,0.05
crane203,Valerie,Crane,valerie7051@hotmail.com,TRUE,5/12/18,3,98.69
cross9059,Emily,Cross,emily8281@gmail.com,TRUE,1/7/18,7,83.62
cynthia5799,Cynthia,Castillo,ccastillo@moore.org,TRUE,3/9/18,0,91.83
dale,Dale,Salinas,dale@gmail.com,TRUE,4/1/18,2,19.61
dana.andrews,Dana,Andrews,dandrews@thomas.org,TRUE,9/16/18,4,54.68
danderson,David,Anderson,david@hotmail.com,TRUE,7/22/18,6,49.52
daniel,Daniel,Allen,allen@hotmail.com,FALSE,7/1/18,2,21.21
daniel.livingston,Daniel,Livingston,livingston794@yahoo.com,TRUE,6/22/18,5,29.66
daniel.williams,Daniel,Williams,williams6378@yahoo.com,TRUE,3/13/18,4,93.85
daniel1611,Daniel,Morales,morales8909@gmail.com,FALSE,5/15/18,7,60.66
danielle,Danielle,Salazar,danielle4662@drake.com,TRUE,3/21/18,3,45.09
darlene.adams,Darlene,Adams,adams@hotmail.com,TRUE,9/15/18,2,67.02
david,David,,david300@gmail.com,TRUE,3/28/18,0,59.74
david.barnett,David,Barnett,barnett462@hotmail.com,TRUE,2/21/18,2,46.88
david2796,David,Mcclure,david3888@hotmail.com,TRUE,9/16/18,5,37.6
david5498,David,Garcia,david2998@hotmail.com,TRUE,1/5/18,4,29.14
davis,Erica,Davis,erica@gmail.com,TRUE,6/8/18,2,53.52
davis9225,Laura,Davis,laura@hotmail.com,TRUE,3/19/18,3,51.81
davis9792,David,Davis,davis3883@hotmail.com,TRUE,1/4/18,4,36.9
dawn,Dawn,,dawn6718@hotmail.com,TRUE,3/2/18,2,72.63
dawn.juarez,Dawn,Juarez,dawn@hotmail.com,TRUE,4/13/18,1,16.38
dean,Lynn,Dean,dean@gmail.com,TRUE,5/22/18,3,17.45
dean2365,Brian,Dean,dean3892@hotmail.com,TRUE,1/8/18,6,8.5
debbie4918,Debbie,,debbie3109@hotmail.com,TRUE,2/9/18,7,73.63
debra,Debra,Frazier,frazier@yahoo.com,TRUE,6/1/18,1,80.71
decker1985,Robert,Decker,robert@yahoo.com,TRUE,4/4/18,7,92.55
dedwards,Deborah,Edwards,deborah@hotmail.com,FALSE,1/13/18,0,25.63
denise3770,Denise,Cabrera,cabrera@hotmail.com,FALSE,7/21/18,1,95.08
dennis,Trevor,Dennis,dennis@gmail.com,TRUE,4/29/18,2,10.04
dennis4593,Ann,Dennis,ann.dennis@christensen.com,TRUE,4/23/18,6,79.24
diana,Diana,Wagner,wagner8014@gmail.com,TRUE,1/15/18,4,19.45
diana1995,Diana,Gregory,gregory@gmail.com,TRUE,3/22/18,4,51.81
diane4652,Diane,,diane9705@yahoo.com,FALSE,8/17/18,1,62.05
donald1420,Donald,,donald1129@gmail.com,TRUE,8/24/18,2,74.58
donald3362,Donald,Kennedy,donald@small.biz,FALSE,4/1/18,2,81.06
donna1922,Donna,Castillo,donna.castillo@hotmail.com,TRUE,2/18/18,7,77.79
dustin.fowler,Dustin,Fowler,dustin@yahoo.com,TRUE,4/9/18,2,37.8
ebryant,Erik,Bryant,bryant@yahoo.com,TRUE,7/21/18,6,31.49
edward1527,Edward,,edward1672@yahoo.com,FALSE,3/7/18,3,69.63
edwards,Michael,Edwards,edwards5456@gmail.com,TRUE,5/6/18,4,83.33
edwards8658,Alan,Edwards,alan8469@hotmail.com,FALSE,2/24/18,1,24.93
ehaney,Emily,Haney,haney@gmail.com,TRUE,6/12/18,3,64.65
eharding,Eric,Harding,eric1206@yahoo.com,TRUE,8/25/18,1,42.71
ehernandez,Elizabeth,Hernandez,elizabeth.hernandez@gmail.com,TRUE,8/21/18,1,69.17
ekidd,Elizabeth,Kidd,kidd7082@hotmail.com,TRUE,8/1/18,7,13.14
elaine,Elaine,,elaine@yahoo.com,FALSE,4/20/18,5,45.2
elang,Erica,Lang,lang@gmail.com,TRUE,3/24/18,2,77.66
elizabeth,Elizabeth,Johnson,johnson913@yahoo.com,TRUE,2/20/18,1,77.91
emily,Emily,,emily7694@hotmail.com,TRUE,6/29/18,2,89.16
emily.anderson,Emily,Anderson,emily7106@gmail.com,TRUE,2/21/18,0,77.69
emily.lewis,Emily,Lewis,lewis8915@yahoo.com,TRUE,1/13/18,4,57.51
epeters,Emily,Peters,emily.peters@hotmail.com,TRUE,5/9/18,1,64.91
eric1415,Eric,Moon,emoon@yahoo.com,TRUE,4/25/18,6,39.16
erin,Erin,Robinson,erin@gmail.com,TRUE,6/17/18,7,70.32
erin4486,Erin,Wright,erin.wright@gmail.com,TRUE,5/31/18,5,76.18
eugene4448,Eugene,,eugene@gmail.com,TRUE,6/8/18,0,95.38
evelyn,Evelyn,Spencer,evelyn.spencer@yahoo.com,FALSE,7/29/18,6,6.25
fernandez,Theresa,Fernandez,theresa@gmail.com,TRUE,1/13/18,5,47.13
figueroa7283,Amy,Figueroa,figueroa@gmail.com,TRUE,7/27/18,3,36.5
fisher,Kenneth,Fisher,kenneth.fisher@ryan.net,TRUE,5/11/18,0,88.87
fitzgerald,William,Fitzgerald,wfitzgerald@pham-nguyen.com,TRUE,5/18/18,0,39.04
flores,Catherine,Flores,catherine346@oneal-roberts.info,TRUE,5/1/18,0,3.97
fox,David,Fox,fox@yahoo.com,TRUE,9/5/18,7,86.65
francis.hernandez,Francis,Hernandez,hernandez5650@hotmail.com,TRUE,2/12/18,3,28.44
freeman,Tamara,Freeman,tfreeman@yahoo.com,TRUE,4/22/18,7,51.72
fuentes,Alexander,Fuentes,alexander1368@gmail.com,TRUE,8/3/18,0,86.57
fuller3354,Nicole,Fuller,fuller@hotmail.com,FALSE,4/8/18,7,14.4
gail2190,Gail,Klein,gklein@yahoo.com,TRUE,8/17/18,4,48.7
gail7896,Gail,Clarke,clarke@gmail.com,TRUE,5/5/18,1,67.14
gary.mitchell,Gary,Mitchell,mitchell1601@davidson-wilson.com,FALSE,4/8/18,4,76.19
gerald.bryant,Gerald,Bryant,gerald.bryant@yahoo.com,TRUE,4/15/18,5,87.08
gibson9198,Jason,Gibson,jason4132@yahoo.com,TRUE,4/12/18,6,85.34
glen9827,Glen,Hawkins,glen8942@gmail.com,TRUE,2/2/18,5,27.72
grace7647,Grace,Payne,grace546@yahoo.com,TRUE,3/14/18,5,38.41
graham,Christopher,Graham,cgraham@hotmail.com,TRUE,7/6/18,3,18.18
grant1643,Jay,Grant,grant3970@hotmail.com,TRUE,1/25/18,7,3.01
greg5920,Greg,Kelley,greg1612@gmail.com,TRUE,1/2/18,6,29.16
gregory.blackwell,Gregory,Blackwell,gblackwell@frost-white.com,TRUE,1/10/18,3,63.14
gregory.rios,Gregory,Rios,gregory@gmail.com,TRUE,1/13/18,4,16.42
gregory7148,Jon,Gregory,gregory@keller-moran.net,TRUE,1/11/18,6,15.62
gregory9829,Gregory,Webb,gregory.webb@yahoo.com,TRUE,9/1/18,5,68.07
griffin4992,Kaitlin,Griffin,kaitlin.griffin@yahoo.com,TRUE,3/10/18,7,22.68
gstevens,Gabriella,Stevens,gabriella@gmail.com,FALSE,5/10/18,6,3.64
guzman4000,Ronald,Guzman,rguzman@gmail.com,TRUE,7/10/18,4,50.26
hall,George,Hall,hall@gmail.com,TRUE,3/14/18,3,85.4
hamilton,Douglas,Hamilton,hamilton6279@gmail.com,TRUE,6/30/18,1,58.98
hamilton4258,Mary,Hamilton,hamilton@yahoo.com,TRUE,3/30/18,4,72.44
harmon,Justin,Harmon,justin.harmon@hotmail.com,FALSE,4/12/18,4,91.87
harold,Harold,Willis,willis9328@yahoo.com,FALSE,5/7/18,1,6
harris7556,Kelli,Harris,kharris@gmail.com,TRUE,6/18/18,0,53.44
hart24,Teresa,Hart,teresa778@lucas.biz,FALSE,5/18/18,4,16.69
hayes2585,Daniel,Hayes,dhayes@gmail.com,TRUE,5/10/18,7,22.64
hdeleon,Hannah,Deleon,hannah@yahoo.com,TRUE,9/12/18,6,48.93
heather,Heather,Ray,hray@yahoo.com,TRUE,5/14/18,5,41.65
heather.wade,Heather,Wade,heather.wade@yahoo.com,TRUE,9/25/18,0,45.95
hector,Hector,Bowers,hbowers@hotmail.com,TRUE,7/9/18,0,21.24
helen5691,Helen,Simmons,simmons695@gmail.com,TRUE,3/2/18,3,93.83
henry,Steven,Henry,steven.henry@gmail.com,TRUE,3/7/18,1,12.58
henry4707,Nancy,Henry,nancy.henry@gmail.com,TRUE,3/2/18,3,73.17
higgins,Duane,Higgins,higgins@gmail.com,TRUE,4/3/18,5,62.12
hmiller,Howard,Miller,howard6112@yahoo.com,TRUE,4/25/18,6,64.03
holden4580,Jason,Holden,holden@gmail.com,TRUE,1/17/18,3,7.95
hoover4302,Michelle,Hoover,mhoover@hotmail.com,TRUE,2/9/18,0,37.38
hunt3408,Ethan,Hunt,hunt7143@gmail.com,FALSE,6/23/18,3,62.81
isabella,Isabella,Golden,isabella@perez-schultz.net,FALSE,7/24/18,5,65.71
jackson4431,Melissa,Jackson,jackson@gmail.com,TRUE,2/6/18,7,69.32
jacob,Jacob,Rose,rose@yahoo.com,TRUE,7/15/18,4,2.85
jacob.davis,Jacob,Davis,jdavis@gmail.com,FALSE,9/16/18,0,95.7
jaime6887,Jaime,Johnson,johnson@garcia-contreras.org,FALSE,1/19/18,4,81.6
james,James,Nichols,nichols@ramirez.com,FALSE,9/6/18,5,88.7
janet.williams,Janet,Williams,janet9480@hotmail.com,TRUE,5/31/18,0,71.53
jason,Jason,Nguyen,nguyen7758@yahoo.com,TRUE,4/30/18,1,60.4
jason4651,Jason,Parks,jason@yahoo.com,TRUE,9/3/18,3,40.76
jason7792,Jason,Holland,jholland@hotmail.com,FALSE,1/18/18,0,22.37
jbarker,Joe,Barker,joe@yahoo.com,FALSE,8/12/18,3,68.91
jcastaneda,Joshua,Castaneda,jcastaneda@yahoo.com,FALSE,5/6/18,7,53.54
jcoleman,Jason,Coleman,jason3300@gmail.com,TRUE,5/18/18,7,59.62
jcordova,Jennifer,Cordova,jcordova@hotmail.com,TRUE,2/27/18,0,31.72
jdiaz,Jay,Diaz,jdiaz@yahoo.com,FALSE,5/28/18,4,25.43
jeffrey,Jeffrey,Stewart,stewart7222@hotmail.com,TRUE,1/2/18,0,40.58
jennifer,Jennifer,Dean,jdean@davis-warren.com,TRUE,4/26/18,6,70.26
jennifer.hebert,Jennifer,Hebert,jennifer.hebert@yahoo.com,TRUE,7/24/18,5,16.27
jennifer.hendrix,Jennifer,Hendrix,hendrix1706@gmail.com,TRUE,1/15/18,0,37.2
jennifer.walker,Jennifer,Walker,walker6745@yahoo.com,FALSE,3/18/18,0,60.79
jennifer.wong,Jennifer,Wong,jwong@yahoo.com,TRUE,7/3/18,7,95.1
jennifer4743,Jennifer,Carter,jennifer.carter@gmail.com,TRUE,8/28/18,6,33.33
jensen7832,Steven,Jensen,steven.jensen@hotmail.com,TRUE,5/20/18,3,22.04
jeremy1104,Jeremy,Warren,jwarren@hotmail.com,TRUE,4/1/18,0,74.38
jerome.sims,Jerome,Sims,sims141@gmail.com,TRUE,9/13/18,7,34.31
jerry,Jerry,Mathis,jmathis@hotmail.com,TRUE,4/15/18,4,8.75
jessica,Jessica,,jessica@gmail.com,TRUE,6/14/18,2,23.09
jessica3924,Jessica,Preston,preston5688@yahoo.com,TRUE,9/4/18,3,42.68
jesus9614,Jesus,Johnson,johnson6528@gmail.com,TRUE,7/12/18,6,31.75
jgonzalez,Jenny,Gonzalez,jenny.gonzalez@hotmail.com,TRUE,6/3/18,1,0.59
jholloway,Julia,Holloway,julia9698@gmail.com,FALSE,9/8/18,6,16.27
jlong,Jessica,Long,jessica7275@gmail.com,TRUE,7/11/18,3,63.12
joel8826,Joel,Gates,joel516@hotmail.com,FALSE,3/5/18,4,71.6
john,John,,john@hotmail.com,TRUE,9/24/18,3,84.67
john.hardy,John,Hardy,hardy@gmail.com,TRUE,3/2/18,1,51.57
john.smith,John,Smith,john.smith@hotmail.com,TRUE,6/24/18,4,21.01
john6967,John,Vance,jvance@yahoo.com,TRUE,6/24/18,0,0.42
johnson,Brian,Johnson,johnson@hotmail.com,TRUE,9/11/18,7,12.23
johnson3004,Donald,Johnson,donald.johnson@gmail.com,TRUE,3/3/18,0,38.51
johnston2281,Nicholas,Johnston,njohnston@yahoo.com,TRUE,7/8/18,0,9.22
jonathan5101,Jonathan,Hayes,hayes1910@yahoo.com,TRUE,9/3/18,1,65.5
jones,Erin,Jones,erin.jones@yahoo.com,TRUE,1/25/18,2,86.66
jones5796,Katherine,Jones,jones@yahoo.com,TRUE,4/11/18,1,6.41
jordan5739,Jordan,Clayton,clayton@gmail.com,TRUE,6/26/18,1,81.47
jose.moreno,Jose,Moreno,jose@hotmail.com,TRUE,4/10/18,5,73.64
joseph.lopez,Joseph,Lopez,joseph@gmail.com,TRUE,8/12/18,6,65.99
joseph2431,Joseph,Harris,joseph@gmail.com,TRUE,3/7/18,5,95.47
joshua.henry,Joshua,Henry,joshua@hotmail.com,TRUE,1/5/18,2,80.03
joshua3747,Joshua,,joshua@hotmail.com,TRUE,5/22/18,0,11.7
joshua9690,Joshua,White,jwhite@hotmail.com,FALSE,3/27/18,7,47.31
jramos,Joshua,Ramos,joshua@yahoo.com,TRUE,7/10/18,6,75.56
jramsey,Jeremy,Ramsey,jeremy.ramsey@gmail.com,TRUE,2/18/18,5,58.74
jreeves,Jill,Reeves,reeves4581@yahoo.com,TRUE,7/27/18,2,56.56
jserrano,Jillian,Serrano,jillian@yahoo.com,TRUE,6/12/18,5,41.25
jstewart,Juan,Stewart,stewart@yahoo.com,TRUE,8/15/18,4,87.53
kallen,Kathy,Allen,kathy@hotmail.com,FALSE,2/20/18,1,43.72
kara,Kara,Ortega,kara9172@hotmail.com,TRUE,3/22/18,2,9.17
karen.snow,Karen,Snow,ksnow@yahoo.com,TRUE,5/6/18,2,99.38
katherine,Katherine,,katherine@yahoo.com,FALSE,1/26/18,3,59.06
kathy,Kathy,,kathy@gmail.com,FALSE,4/30/18,0,8.9
katrina.ingram,Katrina,Ingram,kingram@harris.com,TRUE,2/18/18,7,27.4
keith,Keith,Mercado,keith.mercado@yahoo.com,TRUE,5/21/18,2,0.85
keith2323,Keith,Lewis,keith.lewis@yahoo.com,TRUE,3/8/18,2,79.86
kelly5683,Kelly,Welch,kelly@hotmail.com,TRUE,9/20/18,5,9.24
kelly7722,Kelly,Knapp,knapp@yahoo.com,FALSE,5/20/18,0,73.62
kenneth.chambers,Kenneth,Chambers,kchambers@hotmail.com,TRUE,3/27/18,6,55.98
kent,Kayla,Kent,kent98@yahoo.com,TRUE,8/15/18,5,65.62
kevin,Kevin,Carter,kevin8487@ward-lopez.com,TRUE,3/17/18,5,6.68
kim1649,Stephen,Kim,stephen9674@gmail.com,TRUE,8/22/18,4,18.25
kimberly,Kimberly,,kimberly@yahoo.com,FALSE,1/6/18,5,54.73
kimberly.decker,Kimberly,Decker,kimberly5373@hotmail.com,FALSE,3/2/18,3,79.62
king,Billy,King,billy.king@hotmail.com,TRUE,5/29/18,4,98.8
king3246,Brittney,King,brittney@yahoo.com,TRUE,4/15/18,6,98.79
kirk,Kirk,Massey,kmassey@hotmail.com,TRUE,5/30/18,6,62.3
klein,Ashley,Klein,ashley@gmail.com,TRUE,3/6/18,3,13.65
kpratt,Kyle,Pratt,pratt@gmail.com,TRUE,3/17/18,2,4.51
kristen1581,Kristen,Thompson,kthompson@yahoo.com,FALSE,3/22/18,2,85.18
kristi7553,Kristi,Foster,kfoster@gmail.com,TRUE,6/8/18,0,40.14
kristina.miller,Kristina,Miller,miller@gmail.com,TRUE,3/8/18,7,90.82
krystal,Krystal,,krystal@hotmail.com,TRUE,5/30/18,3,46.92
kyle.gentry,Kyle,Gentry,kgentry@gmail.com,TRUE,8/30/18,6,42.36
lacey8987,Lacey,Ball,lacey5080@gmail.com,TRUE,1/2/18,0,93.49
laura,Laura,Wells,laura@yahoo.com,TRUE,6/1/18,3,36.74
lauren,Lauren,Aguilar,lauren.aguilar@summers.com,FALSE,5/31/18,4,69.9
lawrence1685,Derrick,Lawrence,lawrence7507@gmail.com,TRUE,8/5/18,5,47.29
lawrence3513,Katherine,Lawrence,lawrence@gmail.com,FALSE,6/23/18,2,76.63
lawson,Katherine,Lawson,katherine9625@gmail.com,TRUE,5/13/18,4,64.14
lcruz,Lauren,Cruz,lauren@gmail.com,TRUE,4/29/18,6,87.16
leah6255,Leah,Black,leah6754@willis.info,TRUE,1/13/18,1,43.67
lee,Catherine,Lee,catherine@hotmail.com,TRUE,5/22/18,5,73.1
lee3744,Timothy,Lee,lee@hotmail.com,FALSE,6/14/18,6,77.85
lewis8579,Christopher,Lewis,christopher.lewis@gmail.com,FALSE,2/24/18,6,5.68
lgregory,Leah,Gregory,gregory@gmail.com,TRUE,6/27/18,3,48.84
linda,Linda,,linda@hill-ferguson.info,FALSE,3/27/18,1,38.67
lindsay.coleman,Lindsay,Coleman,coleman7772@hotmail.com,TRUE,8/23/18,0,83.02
lisa,Lisa,Cook,lcook@hotmail.com,TRUE,6/14/18,2,34.82
lisa7840,Lisa,Anderson,lisa2797@hotmail.com,TRUE,7/24/18,4,91.46
lisa8780,Lisa,,lisa@hotmail.com,TRUE,5/3/18,3,36.82
lmoore,Lisa,Moore,moore1489@hotmail.com,TRUE,2/20/18,1,51.68
lowe,Albert,Lowe,albert.lowe@lopez.com,TRUE,1/13/18,1,60.9
lspencer,Laura,Spencer,spencer@yahoo.com,TRUE,7/7/18,6,17.59
lucero5925,Nicholas,Lucero,nicholas@gmail.com,TRUE,4/8/18,7,34.61
luis.brooks,Luis,Brooks,brooks7349@jones.com,TRUE,4/23/18,6,79.61
mackenzie,Mackenzie,Smith,smith3292@hotmail.com,TRUE,2/21/18,2,69.5
madison,Madison,Griffin,madison@gmail.com,TRUE,7/31/18,0,32.85
manning8686,Stephen,Manning,stephen@benson.com,TRUE,6/21/18,6,54.79
marcus.berry,Marcus,Berry,marcus.berry@stein.com,TRUE,5/14/18,3,6.81
margaret,Margaret,Wells,wells4044@yahoo.com,TRUE,4/11/18,1,47.12
margaret265,Margaret,,margaret@gmail.com,TRUE,1/5/18,1,96.14
maria955,Maria,,maria8257@gmail.com,TRUE,6/26/18,0,9.87
mark,Mark,Shaw,shaw4221@yahoo.com,FALSE,1/15/18,5,6.25
mark1376,Mark,Hatfield,hatfield@gmail.com,TRUE,5/4/18,5,49.52
mark1605,Mark,,mark1905@gmail.com,TRUE,6/15/18,1,44.92
mark20,Mark,Hernandez,mhernandez@butler.org,TRUE,4/8/18,3,84.33
mark5306,Mark,Lee,mark.lee@thompson.info,TRUE,4/27/18,7,12.34
mark8466,Mark,,mark2286@hotmail.com,FALSE,6/1/18,6,5.11
martha.willis,Martha,Willis,martha5711@gmail.com,FALSE,9/7/18,5,86.08
martha6969,Martha,Dominguez,dominguez@hensley.com,FALSE,9/4/18,7,42.36
martin,Caroline,Martin,caroline@hotmail.com,TRUE,8/30/18,3,16.55
martinez,Alicia,Martinez,martinez@hotmail.com,FALSE,8/16/18,5,53.45
massey2102,Philip,Massey,philip@gmail.com,TRUE,4/28/18,4,25.04
matthew5486,Matthew,Weeks,matthew@hotmail.com,TRUE,4/23/18,5,35.25
matthew7940,Matthew,Smith,msmith@hotmail.com,TRUE,1/27/18,4,73.55
mays,Jacob,Mays,jmays@yahoo.com,TRUE,3/1/18,4,83.85
mbrown,Madison,Brown,madison1633@yahoo.com,FALSE,3/18/18,2,87.56
mburke,Mark,Burke,burke9543@gmail.com,FALSE,3/3/18,7,20.5
mcarroll,Mark,Carroll,mark.carroll@yahoo.com,TRUE,9/9/18,5,64.46
mcclain9882,Amy,Mcclain,amy@yahoo.com,TRUE,9/24/18,6,44.28
mcguire,George,Mcguire,george.mcguire@mcdowell.biz,TRUE,3/4/18,2,86.74
medina891,Rose,Medina,rose.medina@wolfe.net,TRUE,1/1/18,5,54.68
megan.terry,Megan,Terry,megan8248@yahoo.com,TRUE,5/19/18,3,80.24
melanie,Melanie,,melanie4308@hotmail.com,FALSE,7/30/18,1,44.94
melissa.mendoza,Melissa,Mendoza,mendoza7698@yahoo.com,TRUE,1/18/18,2,72.05
melvin9380,Melvin,Foster,foster5075@marshall.com,TRUE,2/21/18,3,30.39
mevans,Matthew,Evans,matthew@yahoo.com,TRUE,4/5/18,2,13.55
michael,Michael,,michael952@hotmail.com,TRUE,1/28/18,0,78.56
michael.olson,Michael,Olson,olson5084@gmail.com,TRUE,7/8/18,3,88.39
michael.williams,Michael,Williams,michael@yahoo.com,TRUE,8/19/18,7,11.73
michael7792,Michael,,michael@vega.com,FALSE,8/5/18,5,32.38
michelle4225,Michelle,Horne,michelle.horne@yahoo.com,TRUE,1/15/18,0,65.03
miguel.gamble,Miguel,Gamble,miguel9530@hotmail.com,FALSE,8/26/18,6,1.11
mikayla.west,Mikayla,West,west@hotmail.com,TRUE,7/6/18,6,2.28
miller,Joshua,Miller,joshua7805@yahoo.com,TRUE,9/17/18,6,44.45
miller4208,Tina,Miller,miller@yahoo.com,FALSE,8/10/18,5,55.94
miller8552,Hannah,Miller,hannah5934@gmail.com,TRUE,6/29/18,6,8.12
miranda6426,Miranda,Rogers,miranda.rogers@gmail.com,TRUE,8/6/18,0,20.51
mjohnson,Mathew,Johnson,johnson1466@yahoo.com,FALSE,6/29/18,1,79.95
moore,Yvonne,Moore,yvonne5907@gmail.com,TRUE,7/10/18,5,52.46
moore7025,Mark,Moore,mmoore@gonzalez.com,TRUE,7/30/18,1,82.6
mpaul,Melissa,Paul,paul2182@hotmail.com,TRUE,7/15/18,2,66.94
mshort,Michael,Short,michael8762@yahoo.com,TRUE,5/29/18,6,83.18
msolis,Michael,Solis,solis7414@yahoo.com,TRUE,5/31/18,7,93.25
nancy,Nancy,Williams,williams8331@gmail.com,TRUE,5/14/18,4,41.15
nathaniel,Nathaniel,Goodman,ngoodman@hotmail.com,TRUE,9/6/18,2,87.98
nelson,Laura,Nelson,nelson6092@yahoo.com,TRUE,8/2/18,7,34.47
nicholas.padilla,Nicholas,Padilla,nicholas@olsen.com,TRUE,6/10/18,6,88.74
nicholas.travis,Nicholas,Travis,nicholas@hotmail.com,FALSE,5/22/18,7,92.42
nicholas5556,Nicholas,Walsh,nwalsh@nelson.info,TRUE,6/24/18,1,86.62
nichols,Nicholas,Nichols,nicholas9581@hotmail.com,TRUE,6/20/18,4,86.06
ortiz5962,Julia,Ortiz,jortiz@rogers.com,TRUE,9/10/18,5,54.45
owens,Kristine,Owens,owens@hotmail.com,TRUE,8/27/18,1,21.64
paige.lewis,Paige,Lewis,paige@hotmail.com,TRUE,7/16/18,1,75.58
palmer,Michael,Palmer,michael.palmer@gmail.com,TRUE,3/24/18,2,53.85
pamela,Pamela,Lynch,pamela.lynch@yahoo.com,TRUE,9/25/18,0,85.82
parker,Michelle,Parker,michelle@gmail.com,TRUE,9/17/18,2,82.78
parker4621,Caleb,Parker,caleb@yahoo.com,TRUE,7/16/18,2,68.69
parsons,Steven,Parsons,parsons@hotmail.com,TRUE,8/9/18,6,68.76
patricia,Patricia,Smith,patricia@gmail.com,TRUE,9/25/18,3,71.36
patricia2613,Patricia,Wang,pwang@yahoo.com,TRUE,7/6/18,1,43.59
paul6364,Paul,Hill,paul2980@hotmail.com,TRUE,2/28/18,1,98.62
paul9642,Paul,Dalton,dalton4600@gmail.com,TRUE,2/23/18,0,61.26
paula7980,Paula,Larson,plarson@hotmail.com,TRUE,2/9/18,2,44.54
payne,Tyler,Payne,tyler.payne@wagner.com,TRUE,2/19/18,2,56.87
peter,Peter,Grimes,pgrimes@yahoo.com,TRUE,9/2/18,0,96.79
peters1942,Christopher,Peters,christopher.peters@gmail.com,FALSE,7/4/18,4,6.05
phillips5654,Vanessa,Phillips,vanessa.phillips@yahoo.com,TRUE,2/3/18,4,68.96
porter,Mark,Porter,mark@hotmail.com,TRUE,2/12/18,4,48.56
rachel,Rachel,,rachel5266@hotmail.com,TRUE,3/12/18,6,14.81
rachel.ellison,Rachel,Ellison,ellison@gmail.com,TRUE,4/8/18,0,65.31
rebecca,Rebecca,Yoder,rebecca.yoder@miranda.biz,TRUE,8/12/18,1,16.44
rebecca848,Rebecca,,rebecca759@hotmail.com,FALSE,6/23/18,0,22.73
reid,Samuel,Reid,samuel.reid@gmail.com,TRUE,6/24/18,5,0.73
rholmes,Robert,Holmes,rholmes@yahoo.com,TRUE,5/4/18,4,55.37
robert,Robert,Brown,robert@gmail.com,TRUE,7/12/18,3,53.16
robert284,Robert,Davidson,robert.davidson@gmail.com,TRUE,5/21/18,3,32.63
robert8280,Robert,,robert@gmail.com,TRUE,9/22/18,2,56.89
roberts,David,Roberts,david.roberts@hotmail.com,TRUE,6/9/18,2,29.5
robinson,Teresa,Robinson,trobinson@hotmail.com,TRUE,3/10/18,1,17.31
robinson5269,Dan,Robinson,drobinson@yahoo.com,TRUE,6/15/18,2,79.28
rodriguez,Amy,Rodriguez,amy.rodriguez@gmail.com,TRUE,4/29/18,0,15.96
rodriguez5768,Joshua,Rodriguez,joshua.rodriguez@hotmail.com,TRUE,1/4/18,3,51.06
rodriguez585,Renee,Rodriguez,rodriguez6865@yahoo.com,TRUE,7/4/18,0,52.35
rodriguez9475,Amanda,Rodriguez,amanda@yahoo.com,FALSE,4/30/18,6,77.81
roger,Roger,Rangel,roger.rangel@gmail.com,TRUE,3/4/18,0,87.21
rogers,Emily,Rogers,emily6420@gmail.com,TRUE,7/24/18,7,69.07
roman7509,Amy,Roman,amy4377@lang.org,TRUE,3/21/18,5,55.53
rose.eaton,Rose,Eaton,reaton@gmail.com,TRUE,1/21/18,7,90.03
ross9165,Jacqueline,Ross,jacqueline.ross@hawkins.com,TRUE,9/11/18,0,24.44
rsnow,Randy,Snow,randy5950@johnson.com,TRUE,1/31/18,5,40.78
ruiz2577,Tommy,Ruiz,ruiz@hotmail.com,FALSE,2/21/18,2,54.8
ruth,Ruth,Randall,randall@yahoo.com,FALSE,1/28/18,0,70.39
sabrina.haas,Sabrina,Haas,sabrina.haas@hotmail.com,TRUE,3/25/18,2,11.6
samuel.conner,Samuel,Conner,conner4407@roberts.info,TRUE,3/30/18,5,0.18
samuel1489,Samuel,Dominguez,samuel@gmail.com,FALSE,1/24/18,4,31.53
sanders,Joy,Sanders,jsanders@hotmail.com,TRUE,9/15/18,0,34.5
sandra.vaughn,Sandra,Vaughn,vaughn@hotmail.com,TRUE,6/11/18,5,79.74
sandra2071,Sandra,,sandra63@yahoo.com,TRUE,1/18/18,1,45.22
sandra2565,Sandra,Zuniga,sandra5507@hotmail.com,TRUE,4/21/18,6,54.98
sarah,Sarah,Ibarra,ibarra6062@gmail.com,FALSE,6/13/18,6,16.98
sarah.evans,Sarah,Evans,evans1842@hotmail.com,FALSE,3/20/18,6,3.17
sbennett,Steven,Bennett,sbennett@yahoo.com,TRUE,2/7/18,5,97.38
scott3928,Scott,,scott@yahoo.com,TRUE,2/26/18,5,72.02
sexton,David,Sexton,david.sexton@hotmail.com,TRUE,7/29/18,2,21.81
sfinley,Samuel,Finley,samuel@gmail.com,FALSE,3/9/18,2,83.62
shari,Shari,Williams,shari@hotmail.com,TRUE,2/6/18,6,67.04
shelly,Shelly,Johnson,johnson7039@yahoo.com,TRUE,5/29/18,0,18.03
sheri.clements,Sheri,Clements,sheri@gmail.com,TRUE,9/8/18,3,62.13
shernandez,Shannon,Hernandez,hernandez8777@gmail.com,TRUE,9/4/18,4,34.11
sherry6113,Sherry,,sherry@hotmail.com,TRUE,4/6/18,7,21.79
singh2309,Carol,Singh,carol.singh@hotmail.com,TRUE,2/15/18,6,34.22
smercer,Scott,Mercer,smercer@yahoo.com,TRUE,9/19/18,2,76.77
smith,William,Smith,smith1172@hotmail.com,FALSE,5/2/18,4,65.79
smith6248,James,Smith,smith@gmail.com,FALSE,3/30/18,1,19.23
smith6903,Susan,Smith,ssmith@yahoo.com,TRUE,9/6/18,6,27.53
smith8419,Shawn,Smith,shawn@hotmail.com,TRUE,6/8/18,2,58.85
smith9087,Kimberly,Smith,kimberly@hotmail.com,TRUE,1/1/18,6,54.04
smoyer,Sydney,Moyer,sydney7488@hotmail.com,TRUE,1/3/18,2,90.87
sophia.perez,Sophia,Perez,perez@hotmail.com,TRUE,9/5/18,1,27.71
spadilla,Susan,Padilla,susan6496@kelly-cruz.info,TRUE,5/1/18,3,88.32
spence,James,Spence,spence@gmail.com,TRUE,4/20/18,0,47.28
sstanton,Samantha,Stanton,samantha.stanton@gmail.com,TRUE,1/25/18,3,43.05
stanley7729,Stanley,Spence,stanley.spence@gmail.com,FALSE,3/24/18,3,62.15
staylor,Samantha,Taylor,samantha@yahoo.com,TRUE,4/19/18,6,4.92
stein,Douglas,Stein,stein@yahoo.com,FALSE,1/2/18,1,48.52
stephanie4610,Stephanie,Fuller,stephanie9430@nguyen.com,FALSE,4/14/18,5,66.21
stephanie5596,Stephanie,Owens,stephanie.owens@gmail.com,TRUE,4/8/18,3,29.75
steven,Steven,Conner,conner7093@gmail.com,FALSE,2/14/18,4,83.16
steven3847,Steven,Jackson,sjackson@yahoo.com,TRUE,4/8/18,7,16.95
stevens8089,Lisa,Stevens,lisa@davis.com,TRUE,6/16/18,1,39.29
sthompson,Sarah,Thompson,sarah@rodriguez.biz,FALSE,5/5/18,2,9.29
sward,Susan,Ward,sward@gmail.com,FALSE,6/21/18,2,39.5
tamara,Tamara,,tamara6323@gmail.com,TRUE,6/15/18,5,16.78
tammy.brown,Tammy,Brown,tammy.brown@yahoo.com,TRUE,7/10/18,2,6.3
tammy7432,Tammy,Pacheco,tammy.pacheco@yahoo.com,TRUE,5/30/18,4,7.1
tanya.carlson,Tanya,Carlson,tcarlson@hotmail.com,TRUE,1/13/18,0,27.79
tara.clark,Tara,Clark,tara4681@hotmail.com,FALSE,4/18/18,7,65.16
taylor1468,Taylor,Long,tlong@hotmail.com,TRUE,4/3/18,0,8.45
taylor2783,Taylor,,taylor@lewis.info,TRUE,1/7/18,1,11.19
taylor7649,Michael,Taylor,taylor2184@gmail.com,TRUE,8/18/18,7,83.97
tbender,Travis,Bender,travis@yahoo.com,FALSE,7/30/18,0,50.55
tgeorge,Travis,George,george6344@chavez-jackson.com,TRUE,3/11/18,0,37.59
theresa5909,Theresa,Mitchell,theresa@hotmail.com,TRUE,8/30/18,5,63.46
thomas.price,Thomas,Price,price@hotmail.com,TRUE,9/21/18,6,10.16
thompson2327,Troy,Thompson,troy.thompson@gmail.com,FALSE,4/24/18,7,98.09
thompson2826,Frank,Thompson,thompson1904@hotmail.com,FALSE,9/21/18,0,41.82
thompson9387,Patrick,Thompson,pthompson@yahoo.com,TRUE,5/11/18,3,36.39
tiffany.bowen,Tiffany,Bowen,tiffany@hamilton.biz,TRUE,3/12/18,6,86.38
timothy.heath,Timothy,Heath,heath6503@gmail.com,TRUE,6/9/18,6,76.78
timothy3285,Timothy,Davis,davis@jones.net,TRUE,8/4/18,5,43.24
tina3658,Tina,,tina@hotmail.com,TRUE,8/26/18,2,17.41
tjohnson,Taylor,Johnson,johnson5212@gmail.com,TRUE,6/10/18,3,93.84
tmaxwell,Tiffany,Maxwell,tiffany@gmail.com,TRUE,5/10/18,6,3.9
torres,Taylor,Torres,taylor.torres@ware.info,TRUE,1/12/18,7,21.88
tstewart,Tricia,Stewart,tricia@yahoo.com,TRUE,6/4/18,4,22.33
twebster,Taylor,Webster,taylor.webster@gmail.com,TRUE,5/25/18,0,51.8
twhite,Timothy,White,white5136@hotmail.com,TRUE,7/6/18,5,99.9
tyler.zavala,Tyler,Zavala,tyler.zavala@murray.com,TRUE,7/8/18,2,5.98
valerie,Valerie,Cannon,valerie.cannon@yahoo.com,TRUE,4/30/18,2,28.31
vang,Tammie,Vang,vang@gmail.com,TRUE,7/4/18,5,24.61
victor,Victor,Tanner,victor@sullivan-fowler.org,FALSE,9/20/18,1,53.55
walsh,Kelli,Walsh,walsh@hotmail.com,TRUE,2/8/18,1,14.7
walters2042,Leslie,Walters,walters8435@gmail.com,TRUE,7/27/18,2,40.83
watts,Jenna,Watts,jenna@gmail.com,TRUE,3/12/18,0,54.5
wbrown,Wesley,Brown,wesley@hotmail.com,TRUE,6/24/18,7,35.64
wesley.hayes,Wesley,Hayes,wesley.hayes@gmail.com,TRUE,8/17/18,3,90.44
west,Brian,West,west@yahoo.com,TRUE,1/30/18,3,52.83
wilkins,David,Wilkins,david1254@goodman.info,TRUE,8/6/18,4,52.15
william,William,,william@hotmail.com,TRUE,6/13/18,4,4.69
william.lee,William,Lee,lee5646@yahoo.com,TRUE,5/30/18,3,67.65
william2231,William,Douglas,douglas8813@yahoo.com,TRUE,5/19/18,4,85.32
william4588,William,Pittman,william.pittman@gmail.com,TRUE,4/11/18,2,2.04
william6714,William,,william5677@yahoo.com,TRUE,4/26/18,3,74.65
wilson,Robert,Wilson,robert@yahoo.com,FALSE,5/16/18,5,59.75
wking,Wanda,King,wanda.king@holt.com,TRUE,6/1/18,2,67.08
wright3590,Jacqueline,Wright,jacqueline.wright@gonzalez.com,TRUE,2/8/18,6,18.48
young,Jessica,Young,jessica4028@yahoo.com,TRUE,7/17/18,4,75.39
zachary.neal,Zachary,Neal,zneal@gmail.com,TRUE,7/26/18,1,39.9